[{"model": "user.user", "pk": 1, "fields": {"password": "plaintext$$a", "last_login": "2026-01-03T10:09:01.723Z", "is_superuser": true, "username": "a", "first_name": "", "last_name": "", "email": "admin@mail.ru", "is_staff": true, "is_active": true, "date_joined": "2025-12-31T11:20:38.864Z", "patronymic": "", "groups": [1], "user_permissions": []}}, {"model": "user.user", "pk": 2, "fields": {"password": "plaintext$$uzWC67", "last_login": "2026-01-01T17:22:40.900Z", "is_superuser": true, "username": "94d5ous@gmail.com", "first_name": "Весения", "last_name": "Никифорова", "email": "94d5ous@gmail.com", "is_staff": true, "is_active": true, "date_joined": "2025-12-11T21:00:00Z", "patronymic": "Николаевна", "groups": [1], "user_permissions": []}}, {"model": "user.user", "pk": 3, "fields": {"password": "plaintext$$2L6KZG", "last_login": "2026-01-02T09:54:53.417Z", "is_superuser": true, "username": "uth4iz@mail.com", "first_name": "Руслан", "last_name": "Сазонов", "email": "uth4iz@mail.com", "is_staff": true, "is_active": true, "date_joined": "2025-12-11T21:00:00Z", "patronymic": "Германович", "groups": [1], "user_permissions": []}}, {"model": "user.user", "pk": 4, "fields": {"password": "plaintext$$JlFRCZ", "last_login": "2026-01-02T14:36:27.101Z", "is_superuser": false, "username": "yzls62@outlook.com", "first_name": "Серафим", "last_name": "Одинцов", "email": "yzls62@outlook.com", "is_staff": true, "is_active": true, "date_joined": "2025-12-11T21:00:00Z", "patronymic": "Артёмович", "groups": [1], "user_permissions": []}}, {"model": "user.user", "pk": 5, "fields": {"password": "plaintext$$8ntwUp", "last_login": "2026-01-03T03:40:31.432Z", "is_superuser": false, "username": "1diph5e@tutanota.com", "first_name": "Михаил", "last_name": "Степанов", "email": "1diph5e@tutanota.com", "is_staff": true, "is_active": true, "date_joined": "2025-12-11T21:00:00Z", "patronymic": "Артёмович", "groups": [2], "user_permissions": []}}, {"model": "user.user", "pk": 6, "fields": {"password": "plaintext$$YOyhfR", "last_login": null, "is_superuser": false, "username": "tjde7c@yahoo.com", "first_name": "Петр", "last_name": "Ворсин", "email": "tjde7c@yahoo.com", "is_staff": true, "is_active": true, "date_joined": "2025-12-11T21:00:00Z", "patronymic": "Евгеньевич", "groups": [2], "user_permissions": []}}, {"model": "user.user", "pk": 7, "fields": {"password": "plaintext$$RSbvHv", "last_login": null, "is_superuser": false, "username": "wpmrc3do@tutanota.com", "first_name": "Елена", "last_name": "Старикова", "email": "wpmrc3do@tutanota.com", "is_staff": true, "is_active": true, "date_joined": "2025-12-11T21:00:00Z", "patronymic": "Павловна", "groups": [2], "user_permissions": []}}, {"model": "user.user", "pk": 8, "fields": {"password": "plaintext$$rwVDh9", "last_login": "2026-01-03T03:36:12.904Z", "is_superuser": false, "username": "5d4zbu@tutanota.com", "first_name": "Анна", "last_name": "Михайлюк", "email": "5d4zbu@tutanota.com", "is_staff": true, "is_active": true, "date_joined": "2025-12-11T21:00:00Z", "patronymic": "Вячеславовна", "groups": [3], "user_permissions": []}}, {"model": "user.user", "pk": 9, "fields": {"password": "plaintext$$LdNyos", "last_login": null, "is_superuser": false, "username": "ptec8ym@yahoo.com", "first_name": "Елена", "last_name": "Ситдикова", "email": "ptec8ym@yahoo.com", "is_staff": true, "is_active": true, "date_joined": "2025-12-11T21:00:00Z", "patronymic": "Анатольевна", "groups": [3], "user_permissions": []}}, {"model": "user.user", "pk": 10, "fields": {"password": "plaintext$$gynQMT", "last_login": "2026-01-03T03:22:51.399Z", "is_superuser": false, "username": "1qz4kw@mail.com", "first_name": "Петр", "last_name": "Ворсин", "email": "1qz4kw@mail.com", "is_staff": true, "is_active": true, "date_joined": "2025-12-11T21:00:00Z", "patronymic": "Евгеньевич", "groups": [3], "user_permissions": []}}, {"model": "user.user", "pk": 11, "fields": {"password": "plaintext$$AtnDjr", "last_login": null, "is_superuser": false, "username": "4np6se@mail.com", "first_name": "Елена", "last_name": "Старикова", "email": "4np6se@mail.com", "is_staff": true, "is_active": true, "date_joined": "2025-12-11T21:00:00Z", "patronymic": "Павловна", "groups": [3], "user_permissions": []}}, {"model": "user.user", "pk": 12, "fields": {"password": "plaintext$$g", "last_login": "2026-01-03T03:59:49.918Z", "is_superuser": false, "username": "g", "first_name": "Гость", "last_name": " ", "email": "guest@mail.ru", "is_staff": false, "is_active": true, "date_joined": "2025-12-11T21:00:00Z", "patronymic": " ", "groups": [], "user_permissions": []}}, {"model": "user.user", "pk": 13, "fields": {"password": "plaintext$$m", "last_login": "2026-01-03T04:00:03.166Z", "is_superuser": false, "username": "m", "first_name": "Менеджер", "last_name": " ", "email": "manager@mail.ru", "is_staff": true, "is_active": true, "date_joined": "2025-12-11T21:00:00Z", "patronymic": " ", "groups": [2], "user_permissions": []}}, {"model": "user.user", "pk": 14, "fields": {"password": "plaintext$$c", "last_login": "2026-01-03T04:00:08.943Z", "is_superuser": false, "username": "c", "first_name": "Авторизованный клиент", "last_name": " ", "email": "client@mail.ru", "is_staff": true, "is_active": true, "date_joined": "2025-12-11T21:00:00Z", "patronymic": " ", "groups": [3], "user_permissions": []}}, {"model": "admin.logentry", "pk": 1, "fields": {"action_time": "2026-01-01T14:21:59.868Z", "user": 1, "content_type": 10, "object_id": "1", "object_repr": "Product object (1)", "action_flag": 1, "change_message": "[{\"added\": {}}]"}}, {"model": "admin.logentry", "pk": 2, "fields": {"action_time": "2026-01-01T14:26:11.488Z", "user": 1, "content_type": 10, "object_id": "2", "object_repr": "Ботинки: ф", "action_flag": 1, "change_message": "[{\"added\": {}}]"}}, {"model": "admin.logentry", "pk": 3, "fields": {"action_time": "2026-01-01T14:36:38.507Z", "user": 1, "content_type": 10, "object_id": "3", "object_repr": "Ботинки: sdasdafsadf", "action_flag": 1, "change_message": "[{\"added\": {}}]"}}, {"model": "admin.logentry", "pk": 4, "fields": {"action_time": "2026-01-02T06:24:08.372Z", "user": 1, "content_type": 8, "object_id": "11", "object_repr": "11", "action_flag": 1, "change_message": "[{\"added\": {}}]"}}, {"model": "admin.logentry", "pk": 5, "fields": {"action_time": "2026-01-02T06:43:29.033Z", "user": 1, "content_type": 8, "object_id": "12", "object_repr": "12", "action_flag": 1, "change_message": "[{\"added\": {}}]"}}, {"model": "admin.logentry", "pk": 6, "fields": {"action_time": "2026-01-02T06:46:24.909Z", "user": 1, "content_type": 8, "object_id": "13", "object_repr": "13", "action_flag": 1, "change_message": "[{\"added\": {}}]"}}, {"model": "admin.logentry", "pk": 7, "fields": {"action_time": "2026-01-03T10:23:02.677Z", "user": 1, "content_type": 11, "object_id": "4", "object_repr": "Товар: Ботинки, Заказ: 913", "action_flag": 1, "change_message": "[{\"added\": {}}]"}}, {"model": "admin.logentry", "pk": 8, "fields": {"action_time": "2026-01-03T10:32:05.476Z", "user": 1, "content_type": 11, "object_id": "4", "object_repr": "Товар: 36: Ботинки: sadfasdf, Заказ: 913", "action_flag": 3, "change_message": ""}}, {"model": "auth.permission", "pk": 1, "fields": {"name": "Can add user", "content_type": 1, "codename": "add_user"}}, {"model": "auth.permission", "pk": 2, "fields": {"name": "Can change user", "content_type": 1, "codename": "change_user"}}, {"model": "auth.permission", "pk": 3, "fields": {"name": "Can delete user", "content_type": 1, "codename": "delete_user"}}, {"model": "auth.permission", "pk": 4, "fields": {"name": "Can view user", "content_type": 1, "codename": "view_user"}}, {"model": "auth.permission", "pk": 5, "fields": {"name": "Can add log entry", "content_type": 2, "codename": "add_logentry"}}, {"model": "auth.permission", "pk": 6, "fields": {"name": "Can change log entry", "content_type": 2, "codename": "change_logentry"}}, {"model": "auth.permission", "pk": 7, "fields": {"name": "Can delete log entry", "content_type": 2, "codename": "delete_logentry"}}, {"model": "auth.permission", "pk": 8, "fields": {"name": "Can view log entry", "content_type": 2, "codename": "view_logentry"}}, {"model": "auth.permission", "pk": 9, "fields": {"name": "Can add permission", "content_type": 4, "codename": "add_permission"}}, {"model": "auth.permission", "pk": 10, "fields": {"name": "Can change permission", "content_type": 4, "codename": "change_permission"}}, {"model": "auth.permission", "pk": 11, "fields": {"name": "Can delete permission", "content_type": 4, "codename": "delete_permission"}}, {"model": "auth.permission", "pk": 12, "fields": {"name": "Can view permission", "content_type": 4, "codename": "view_permission"}}, {"model": "auth.permission", "pk": 13, "fields": {"name": "Can add group", "content_type": 3, "codename": "add_group"}}, {"model": "auth.permission", "pk": 14, "fields": {"name": "Can change group", "content_type": 3, "codename": "change_group"}}, {"model": "auth.permission", "pk": 15, "fields": {"name": "Can delete group", "content_type": 3, "codename": "delete_group"}}, {"model": "auth.permission", "pk": 16, "fields": {"name": "Can view group", "content_type": 3, "codename": "view_group"}}, {"model": "auth.permission", "pk": 17, "fields": {"name": "Can add content type", "content_type": 5, "codename": "add_contenttype"}}, {"model": "auth.permission", "pk": 18, "fields": {"name": "Can change content type", "content_type": 5, "codename": "change_contenttype"}}, {"model": "auth.permission", "pk": 19, "fields": {"name": "Can delete content type", "content_type": 5, "codename": "delete_contenttype"}}, {"model": "auth.permission", "pk": 20, "fields": {"name": "Can view content type", "content_type": 5, "codename": "view_contenttype"}}, {"model": "auth.permission", "pk": 21, "fields": {"name": "Can add session", "content_type": 6, "codename": "add_session"}}, {"model": "auth.permission", "pk": 22, "fields": {"name": "Can change session", "content_type": 6, "codename": "change_session"}}, {"model": "auth.permission", "pk": 23, "fields": {"name": "Can delete session", "content_type": 6, "codename": "delete_session"}}, {"model": "auth.permission", "pk": 24, "fields": {"name": "Can view session", "content_type": 6, "codename": "view_session"}}, {"model": "auth.permission", "pk": 25, "fields": {"name": "Can add office", "content_type": 7, "codename": "add_office"}}, {"model": "auth.permission", "pk": 26, "fields": {"name": "Can change office", "content_type": 7, "codename": "change_office"}}, {"model": "auth.permission", "pk": 27, "fields": {"name": "Can delete office", "content_type": 7, "codename": "delete_office"}}, {"model": "auth.permission", "pk": 28, "fields": {"name": "Can view office", "content_type": 7, "codename": "view_office"}}, {"model": "auth.permission", "pk": 29, "fields": {"name": "Can add order", "content_type": 8, "codename": "add_order"}}, {"model": "auth.permission", "pk": 30, "fields": {"name": "Can change order", "content_type": 8, "codename": "change_order"}}, {"model": "auth.permission", "pk": 31, "fields": {"name": "Can delete order", "content_type": 8, "codename": "delete_order"}}, {"model": "auth.permission", "pk": 32, "fields": {"name": "Can view order", "content_type": 8, "codename": "view_order"}}, {"model": "auth.permission", "pk": 33, "fields": {"name": "Can add company", "content_type": 9, "codename": "add_company"}}, {"model": "auth.permission", "pk": 34, "fields": {"name": "Can change company", "content_type": 9, "codename": "change_company"}}, {"model": "auth.permission", "pk": 35, "fields": {"name": "Can delete company", "content_type": 9, "codename": "delete_company"}}, {"model": "auth.permission", "pk": 36, "fields": {"name": "Can view company", "content_type": 9, "codename": "view_company"}}, {"model": "auth.permission", "pk": 37, "fields": {"name": "Can add product", "content_type": 10, "codename": "add_product"}}, {"model": "auth.permission", "pk": 38, "fields": {"name": "Can change product", "content_type": 10, "codename": "change_product"}}, {"model": "auth.permission", "pk": 39, "fields": {"name": "Can delete product", "content_type": 10, "codename": "delete_product"}}, {"model": "auth.permission", "pk": 40, "fields": {"name": "Can view product", "content_type": 10, "codename": "view_product"}}, {"model": "auth.permission", "pk": 41, "fields": {"name": "Can add order product", "content_type": 11, "codename": "add_orderproduct"}}, {"model": "auth.permission", "pk": 42, "fields": {"name": "Can change order product", "content_type": 11, "codename": "change_orderproduct"}}, {"model": "auth.permission", "pk": 43, "fields": {"name": "Can delete order product", "content_type": 11, "codename": "delete_orderproduct"}}, {"model": "auth.permission", "pk": 44, "fields": {"name": "Can view order product", "content_type": 11, "codename": "view_orderproduct"}}, {"model": "auth.group", "pk": 1, "fields": {"name": "Администратор", "permissions": []}}, {"model": "auth.group", "pk": 2, "fields": {"name": "Менеджер", "permissions": []}}, {"model": "auth.group", "pk": 3, "fields": {"name": "Авторизированный клиент", "permissions": []}}, {"model": "contenttypes.contenttype", "pk": 1, "fields": {"app_label": "user", "model": "user"}}, {"model": "contenttypes.contenttype", "pk": 2, "fields": {"app_label": "admin", "model": "logentry"}}, {"model": "contenttypes.contenttype", "pk": 3, "fields": {"app_label": "auth", "model": "group"}}, {"model": "contenttypes.contenttype", "pk": 4, "fields": {"app_label": "auth", "model": "permission"}}, {"model": "contenttypes.contenttype", "pk": 5, "fields": {"app_label": "contenttypes", "model": "contenttype"}}, {"model": "contenttypes.contenttype", "pk": 6, "fields": {"app_label": "sessions", "model": "session"}}, {"model": "contenttypes.contenttype", "pk": 7, "fields": {"app_label": "office", "model": "office"}}, {"model": "contenttypes.contenttype", "pk": 8, "fields": {"app_label": "order", "model": "order"}}, {"model": "contenttypes.contenttype", "pk": 9, "fields": {"app_label": "company", "model": "company"}}, {"model": "contenttypes.contenttype", "pk": 10, "fields": {"app_label": "product", "model": "product"}}, {"model": "contenttypes.contenttype", "pk": 11, "fields": {"app_label": "order_product", "model": "orderproduct"}}, {"model": "sessions.session", "pk": "08fo809kdy74geo5xylqv6n53ecgc4te", "fields": {"session_data": ".eJxVjDsOwjAQBe_iGllm_YWSnjNY690VDiBbipMKcXeIlALaNzPvpTKuS83rkDlPrM7KqsPvVpAe0jbAd2y3rqm3ZZ6K3hS906GvneV52d2_g4qjfmvCFNl6EmPFhSTGgw1cQEykIyEEK_HERqKlYNjHggYYxLnkRCKgen8A6Hk39Q:1vbbrx:pJmBt49EWFsD9-55KMumhlxB0AqZv7BRA7VxPpEKYfE", "expire_date": "2026-01-16T09:54:53.437Z"}}, {"model": "sessions.session", "pk": "b4e2n4ntwbnu5suijehvwb9lgk8lmna2", "fields": {"session_data": ".eJxVjEsKwjAUAO-StQTzWvNx6b5nKO-TmKok0LQr8e4S6EK3M8O81Yz7lue9xXVeRF2VAXX6hYT8jKUbeWC5V821bOtCuif6sE1PVeLrdrR_g4wt9-9gowsCZ3thCxhHYwZIJGb0jtgnECDnTHLsA-EwMiYrwQbjhVgSqM8X_Cg4bA:1vbKYo:NW628FMph9GB-yU6Vgjq2bmrNl3f5TSFOAGHFtFF2hU", "expire_date": "2026-01-15T15:25:58.794Z"}}, {"model": "sessions.session", "pk": "cadvlfm82o9n7kof911yu7cm6m1k280t", "fields": {"session_data": ".eJxVjMsOwiAQRf-FtSEMbWF06b7fQAZmkKqBpI-V8d-1SRe6veec-1KBtrWEbZE5TKwuCtTpd4uUHlJ3wHeqt6ZTq-s8Rb0r-qCLHhvL83q4fweFlvKtOybXISQeIlvjxBtk5h6NB2GhHBlwcCYOVihB9N4Aou1zMhldOoN6fwD1nzgo:1vbyZB:O2_eJg7VEy4KG0za_oUOl8g7xlTJnxp2IEHkLunVv1o", "expire_date": "2026-01-17T10:09:01.739Z"}}, {"model": "sessions.session", "pk": "d3scnj6wagrlyexm50f2k3egexoi5lfo", "fields": {"session_data": ".eJxVjEEOgjAURO_StWna0EK_S_eeoRl-fwU1NKGwIt5dSFjobjLvzWwqYl2GuFaZ45jUVVl1-e168EumA6QnpkfRXKZlHnt9KPqkVd9LkvftdP8OBtRhXwcjIXm02fUCdJYtUyY4Y_YET9m6LC2FxiHnrmEQi7eBCLYB-6A-XwVROJ0:1vbcJb:le2amlBDT_hKFARJODGqH0rRHtJO3tEYaiLxYf3yA38", "expire_date": "2026-01-16T10:23:27.389Z"}}, {"model": "sessions.session", "pk": "qi51cc56dz4dspzv6qgl2we8gext8kiz", "fields": {"session_data": ".eJxVjEsKwjAUAO-StQTzWvNx6b5nKO-TmKok0LQr8e4S6EK3M8O81Yz7lue9xXVeRF2VAXX6hYT8jKUbeWC5V821bOtCuif6sE1PVeLrdrR_g4wt9-9gowsCZ3thCxhHYwZIJGb0jtgnECDnTHLsA-EwMiYrwQbjhVgSqM8X_Cg4bA:1vbKYV:TMgOCsOcjKS0R33czafixrxNX__vrzs5ze3L73n6vXs", "expire_date": "2026-01-15T15:25:39.383Z"}}, {"model": "sessions.session", "pk": "rqu49nhucpeaddol5aogp443uziiuf1z", "fields": {"session_data": ".eJxVjDsOwjAQBe_iGlneXezYlPScwVr_cAA5UpxUiLuTSCmgnZn33sLzulS_9jz7MYmLQHH6ZYHjM7ddpAe3-yTj1JZ5DHJP5GG7vE0pv65H-3dQuddtDWzIluFcSiRWKkFQjgxpIAbMGHUyaIPbqCZwYDIGRRRiGdBm55T4fAHK3TcC:1vbMNl:v-rHnx2_uORTAl71p5WfQWkefhbJLtxQ5AIjtwKmCa0", "expire_date": "2026-01-15T17:22:41.022Z"}}, {"model": "sessions.session", "pk": "ueb5mkfedmedx7099cxnz8ga4r5oopex", "fields": {"session_data": ".eJxVjEsKwjAUAO-StQTzWvNx6b5nKO-TmKok0LQr8e4S6EK3M8O81Yz7lue9xXVeRF2VAXX6hYT8jKUbeWC5V821bOtCuif6sE1PVeLrdrR_g4wt9-9gowsCZ3thCxhHYwZIJGb0jtgnECDnTHLsA-EwMiYrwQbjhVgSqM8X_Cg4bA:1vbM7F:xDezz8hm86Ds5ymw3vRSAplXJScmAk0X6CP4_XcwCeI", "expire_date": "2026-01-15T17:05:37.689Z"}}, {"model": "office.office", "pk": 1, "fields": {"address": "420151, г. Лесной, ул. Вишневая, 32"}}, {"model": "office.office", "pk": 2, "fields": {"address": "125061, г. Лесной, ул. Подгорная, 8"}}, {"model": "office.office", "pk": 3, "fields": {"address": "630370, г. Лесной, ул. Шоссейная, 24"}}, {"model": "office.office", "pk": 4, "fields": {"address": "400562, г. Лесной, ул. Зеленая, 32"}}, {"model": "office.office", "pk": 5, "fields": {"address": "614510, г. Лесной, ул. Маяковского, 47"}}, {"model": "office.office", "pk": 6, "fields": {"address": "410542, г. Лесной, ул. Светлая, 46"}}, {"model": "office.office", "pk": 7, "fields": {"address": "620839, г. Лесной, ул. Цветочная, 8"}}, {"model": "office.office", "pk": 8, "fields": {"address": "443890, г. Лесной, ул. Коммунистическая, 1"}}, {"model": "office.office", "pk": 9, "fields": {"address": "603379, г. Лесной, ул. Спортивная, 46"}}, {"model": "office.office", "pk": 10, "fields": {"address": "603721, г. Лесной, ул. Гоголя, 41"}}, {"model": "office.office", "pk": 11, "fields": {"address": "410172, г. Лесной, ул. Северная, 13"}}, {"model": "office.office", "pk": 12, "fields": {"address": "614611, г. Лесной, ул. Молодежная, 50"}}, {"model": "office.office", "pk": 13, "fields": {"address": "454311, г.Лесной, ул. Новая, 19"}}, {"model": "office.office", "pk": 14, "fields": {"address": "660007, г.Лесной, ул. Октябрьская, 19"}}, {"model": "office.office", "pk": 15, "fields": {"address": "603036, г. Лесной, ул. Садовая, 4"}}, {"model": "office.office", "pk": 16, "fields": {"address": "394060, г.Лесной, ул. Фрунзе, 43"}}, {"model": "office.office", "pk": 17, "fields": {"address": "410661, г. Лесной, ул. Школьная, 50"}}, {"model": "office.office", "pk": 18, "fields": {"address": "625590, г. Лесной, ул. Коммунистическая, 20"}}, {"model": "office.office", "pk": 19, "fields": {"address": "625683, г. Лесной, ул. 8 Марта"}}, {"model": "office.office", "pk": 20, "fields": {"address": "450983, г.Лесной, ул. Комсомольская, 26"}}, {"model": "office.office", "pk": 21, "fields": {"address": "394782, г. Лесной, ул. Чехова, 3"}}, {"model": "office.office", "pk": 22, "fields": {"address": "603002, г. Лесной, ул. Дзержинского, 28"}}, {"model": "office.office", "pk": 23, "fields": {"address": "450558, г. Лесной, ул. Набережная, 30"}}, {"model": "office.office", "pk": 24, "fields": {"address": "344288, г. Лесной, ул. Чехова, 1"}}, {"model": "office.office", "pk": 25, "fields": {"address": "614164, г.Лесной,  ул. Степная, 30"}}, {"model": "office.office", "pk": 26, "fields": {"address": "394242, г. Лесной, ул. Коммунистическая, 43"}}, {"model": "office.office", "pk": 27, "fields": {"address": "660540, г. Лесной, ул. Солнечная, 25"}}, {"model": "office.office", "pk": 28, "fields": {"address": "125837, г. Лесной, ул. Шоссейная, 40"}}, {"model": "office.office", "pk": 29, "fields": {"address": "125703, г. Лесной, ул. Партизанская, 49"}}, {"model": "office.office", "pk": 30, "fields": {"address": "625283, г. Лесной, ул. Победы, 46"}}, {"model": "office.office", "pk": 31, "fields": {"address": "614753, г. Лесной, ул. Полевая, 35"}}, {"model": "office.office", "pk": 32, "fields": {"address": "426030, г. Лесной, ул. Маяковского, 44"}}, {"model": "office.office", "pk": 33, "fields": {"address": "450375, г. Лесной ул. Клубная, 44"}}, {"model": "office.office", "pk": 34, "fields": {"address": "625560, г. Лесной, ул. Некрасова, 12"}}, {"model": "office.office", "pk": 35, "fields": {"address": "630201, г. Лесной, ул. Комсомольская, 17"}}, {"model": "office.office", "pk": 36, "fields": {"address": "190949, г. Лесной, ул. Мичурина, 26"}}, {"model": "order.order", "pk": 1, "fields": {"order_date": "2025-02-27", "delivery_date": "2025-04-20", "office": 1, "user": 5, "code": 901, "status": "Завершен"}}, {"model": "order.order", "pk": 2, "fields": {"order_date": "2022-09-28", "delivery_date": "2025-04-21", "office": 11, "user": 2, "code": 902, "status": "Завершен"}}, {"model": "order.order", "pk": 3, "fields": {"order_date": "2025-03-21", "delivery_date": "2025-04-22", "office": 2, "user": 3, "code": 903, "status": "Завершен"}}, {"model": "order.order", "pk": 4, "fields": {"order_date": "2025-02-20", "delivery_date": "2025-04-23", "office": 11, "user": 4, "code": 904, "status": "Завершен"}}, {"model": "order.order", "pk": 5, "fields": {"order_date": "2025-03-17", "delivery_date": "2025-04-24", "office": 2, "user": 5, "code": 905, "status": "Завершен"}}, {"model": "order.order", "pk": 6, "fields": {"order_date": "2025-03-01", "delivery_date": "2025-04-25", "office": 15, "user": 2, "code": 906, "status": "Завершен"}}, {"model": "order.order", "pk": 7, "fields": {"order_date": "2025-02-03", "delivery_date": "2025-04-26", "office": 3, "user": 3, "code": 907, "status": "Завершен"}}, {"model": "order.order", "pk": 8, "fields": {"order_date": "2025-03-31", "delivery_date": "2025-04-27", "office": 19, "user": 4, "code": 908, "status": "Новый "}}, {"model": "order.order", "pk": 9, "fields": {"order_date": "2025-04-02", "delivery_date": "2025-04-28", "office": 5, "user": 5, "code": 909, "status": "Новый "}}, {"model": "order.order", "pk": 10, "fields": {"order_date": "2025-04-03", "delivery_date": "2025-04-29", "office": 19, "user": 5, "code": 910, "status": "Новый "}}, {"model": "order.order", "pk": 15, "fields": {"order_date": "2026-01-02", "delivery_date": "2025-12-16", "office": 1, "user": 12, "code": 911, "status": "Новый"}}, {"model": "order.order", "pk": 16, "fields": {"order_date": "2026-01-02", "delivery_date": "2025-12-16", "office": 1, "user": 12, "code": 912, "status": "Новый"}}, {"model": "company.company", "pk": 1, "fields": {"name": "Alessio Nesca"}}, {"model": "company.company", "pk": 2, "fields": {"name": "CROSBY"}}, {"model": "company.company", "pk": 3, "fields": {"name": "Kari"}}, {"model": "company.company", "pk": 4, "fields": {"name": "Marco Tozzi"}}, {"model": "company.company", "pk": 5, "fields": {"name": "Rieker"}}, {"model": "company.company", "pk": 6, "fields": {"name": "Обувь для вас"}}, {"model": "company.company", "pk": 7, "fields": {"name": "Рос"}}, {"model": "product.product", "pk": 1, "fields": {"sku": "А112Т4", "product_name": "Ботинки", "unit_of_measurement": "шт.", "price": "4990.00", "supplier": 1, "manufacturer": 1, "product_category": "Женская обувь", "discount": "3.00", "stock": 6, "description": "Женские Ботинки демисезонные kari", "photo": "1.jpg"}}, {"model": "product.product", "pk": 2, "fields": {"sku": "F635R4", "product_name": "Ботинки", "unit_of_measurement": "шт.", "price": "3244.00", "supplier": 6, "manufacturer": 4, "product_category": "Женская обувь", "discount": "2.00", "stock": 13, "description": "Ботинки Marco Tozzi женские демисезонные, размер 39, цвет бежевый", "photo": "er.png"}}, {"model": "product.product", "pk": 3, "fields": {"sku": "H782T5", "product_name": "Туфли", "unit_of_measurement": "шт.", "price": "4499.00", "supplier": 3, "manufacturer": 3, "product_category": "Мужская обувь", "discount": "4.00", "stock": 5, "description": "Туфли kari мужские классика MYZ21AW-450A, размер 43, цвет: черный", "photo": "3.jpg"}}, {"model": "product.product", "pk": 4, "fields": {"sku": "G783F5", "product_name": "Ботинки", "unit_of_measurement": "шт.", "price": "5900.00", "supplier": 3, "manufacturer": 7, "product_category": "Мужская обувь", "discount": "2.00", "stock": 8, "description": "Мужские ботинки Рос-Обувь кожаные с натуральным мехом", "photo": "4.jpg"}}, {"model": "product.product", "pk": 5, "fields": {"sku": "J384T6", "product_name": "Ботинки", "unit_of_measurement": "шт.", "price": "3800.00", "supplier": 6, "manufacturer": 5, "product_category": "Мужская обувь", "discount": "2.00", "stock": 16, "description": "B3430/14 Полуботинки мужские Rieker", "photo": "5.jpg"}}, {"model": "product.product", "pk": 6, "fields": {"sku": "D572U8", "product_name": "Кроссовки", "unit_of_measurement": "шт.", "price": "4100.00", "supplier": 6, "manufacturer": 7, "product_category": "Мужская обувь", "discount": "3.00", "stock": 6, "description": "129615-4 Кроссовки мужские", "photo": "6.jpg"}}, {"model": "product.product", "pk": 7, "fields": {"sku": "F572H7", "product_name": "Туфли", "unit_of_measurement": "шт.", "price": "2700.00", "supplier": 3, "manufacturer": 4, "product_category": "Женская обувь", "discount": "2.00", "stock": 14, "description": "Туфли Marco Tozzi женские летние, размер 39, цвет черный", "photo": "7.jpg"}}, {"model": "product.product", "pk": 8, "fields": {"sku": "D329H3", "product_name": "Полуботинки", "unit_of_measurement": "шт.", "price": "1890.00", "supplier": 6, "manufacturer": 1, "product_category": "Женская обувь", "discount": "4.00", "stock": 4, "description": "Полуботинки Alessio Nesca женские 3-30797-47, размер 37, цвет: бордовый", "photo": "8.jpg"}}, {"model": "product.product", "pk": 9, "fields": {"sku": "B320R5", "product_name": "Туфли", "unit_of_measurement": "шт.", "price": "4300.00", "supplier": 3, "manufacturer": 5, "product_category": "Женская обувь", "discount": "2.00", "stock": 6, "description": "Туфли Rieker женские демисезонные, размер 41, цвет коричневый", "photo": "9.jpg"}}, {"model": "product.product", "pk": 10, "fields": {"sku": "G432E4", "product_name": "Туфли", "unit_of_measurement": "шт.", "price": "2800.00", "supplier": 3, "manufacturer": 3, "product_category": "Женская обувь", "discount": "3.00", "stock": 15, "description": "Туфли kari женские TR-YR-413017, размер 37, цвет: черный", "photo": "10.jpg"}}, {"model": "product.product", "pk": 11, "fields": {"sku": "S213E3", "product_name": "Полуботинки", "unit_of_measurement": "шт.", "price": "2156.00", "supplier": 6, "manufacturer": 2, "product_category": "Мужская обувь", "discount": "3.00", "stock": 6, "description": "407700/01-01 Полуботинки мужские CROSBY", "photo": "picture.png"}}, {"model": "product.product", "pk": 12, "fields": {"sku": "E482R4", "product_name": "Полуботинки", "unit_of_measurement": "шт.", "price": "1800.00", "supplier": 3, "manufacturer": 3, "product_category": "Женская обувь", "discount": "2.00", "stock": 14, "description": "Полуботинки kari женские MYZ20S-149, размер 41, цвет: черный", "photo": "picture.png"}}, {"model": "product.product", "pk": 13, "fields": {"sku": "S634B5", "product_name": "Кеды", "unit_of_measurement": "шт.", "price": "5500.00", "supplier": 6, "manufacturer": 2, "product_category": "Мужская обувь", "discount": "3.00", "stock": 0, "description": "Кеды Caprice мужские демисезонные, размер 42, цвет черный", "photo": "picture.png"}}, {"model": "product.product", "pk": 14, "fields": {"sku": "K345R4", "product_name": "Полуботинки", "unit_of_measurement": "шт.", "price": "2100.00", "supplier": 6, "manufacturer": 2, "product_category": "Мужская обувь", "discount": "2.00", "stock": 3, "description": "407700/01-02 Полуботинки мужские CROSBY", "photo": "picture.png"}}, {"model": "product.product", "pk": 15, "fields": {"sku": "O754F4", "product_name": "Туфли", "unit_of_measurement": "шт.", "price": "5400.00", "supplier": 6, "manufacturer": 5, "product_category": "Женская обувь", "discount": "4.00", "stock": 18, "description": "Туфли женские демисезонные Rieker артикул 55073-68/37", "photo": "picture.png"}}, {"model": "product.product", "pk": 16, "fields": {"sku": "G531F4", "product_name": "Ботинки", "unit_of_measurement": "шт.", "price": "6600.00", "supplier": 3, "manufacturer": 3, "product_category": "Женская обувь", "discount": "12.00", "stock": 9, "description": "Ботинки женские зимние ROMER арт. 893167-01 Черный", "photo": "picture.png"}}, {"model": "product.product", "pk": 17, "fields": {"sku": "J542F5", "product_name": "Тапочки", "unit_of_measurement": "шт.", "price": "500.00", "supplier": 3, "manufacturer": 3, "product_category": "Мужская обувь", "discount": "13.00", "stock": 0, "description": "Тапочки мужские Арт.70701-55-67син р.41", "photo": "picture.png"}}, {"model": "product.product", "pk": 18, "fields": {"sku": "B431R5", "product_name": "Ботинки", "unit_of_measurement": "шт.", "price": "2700.00", "supplier": 6, "manufacturer": 5, "product_category": "Мужская обувь", "discount": "2.00", "stock": 5, "description": "Мужские кожаные ботинки/мужские ботинки", "photo": "picture.png"}}, {"model": "product.product", "pk": 19, "fields": {"sku": "P764G4", "product_name": "Туфли", "unit_of_measurement": "шт.", "price": "6800.00", "supplier": 3, "manufacturer": 2, "product_category": "Женская обувь", "discount": "15.00", "stock": 15, "description": "Туфли женские, ARGO, размер 38", "photo": "picture.png"}}, {"model": "product.product", "pk": 20, "fields": {"sku": "C436G5", "product_name": "Ботинки", "unit_of_measurement": "шт.", "price": "10200.00", "supplier": 3, "manufacturer": 1, "product_category": "Женская обувь", "discount": "15.00", "stock": 9, "description": "Ботинки женские, ARGO, размер 40", "photo": "picture.png"}}, {"model": "product.product", "pk": 21, "fields": {"sku": "F427R5", "product_name": "Ботинки", "unit_of_measurement": "шт.", "price": "11800.00", "supplier": 6, "manufacturer": 5, "product_category": "Женская обувь", "discount": "15.00", "stock": 11, "description": "Ботинки на молнии с декоративной пряжкой FRAU", "photo": "picture.png"}}, {"model": "product.product", "pk": 22, "fields": {"sku": "N457T5", "product_name": "Полуботинки", "unit_of_measurement": "шт.", "price": "4600.00", "supplier": 3, "manufacturer": 2, "product_category": "Женская обувь", "discount": "3.00", "stock": 13, "description": "Полуботинки Ботинки черные зимние, мех", "photo": "picture.png"}}, {"model": "product.product", "pk": 23, "fields": {"sku": "D364R4", "product_name": "Туфли", "unit_of_measurement": "шт.", "price": "12400.00", "supplier": 3, "manufacturer": 3, "product_category": "Женская обувь", "discount": "16.00", "stock": 5, "description": "Туфли Luiza Belly женские Kate-lazo черные из натуральной замши", "photo": "picture.png"}}, {"model": "product.product", "pk": 24, "fields": {"sku": "S326R5", "product_name": "Тапочки", "unit_of_measurement": "шт.", "price": "9900.00", "supplier": 6, "manufacturer": 2, "product_category": "Мужская обувь", "discount": "17.00", "stock": 15, "description": "Мужские кожаные тапочки \"Профиль С.Дали\" ", "photo": "picture.png"}}, {"model": "product.product", "pk": 25, "fields": {"sku": "L754R4", "product_name": "Полуботинки", "unit_of_measurement": "шт.", "price": "1700.00", "supplier": 3, "manufacturer": 3, "product_category": "Женская обувь", "discount": "2.00", "stock": 7, "description": "Полуботинки kari женские WB2020SS-26, размер 38, цвет: черный", "photo": "picture.png"}}, {"model": "product.product", "pk": 26, "fields": {"sku": "M542T5", "product_name": "Кроссовки", "unit_of_measurement": "шт.", "price": "2800.00", "supplier": 6, "manufacturer": 5, "product_category": "Мужская обувь", "discount": "18.00", "stock": 3, "description": "Кроссовки мужские TOFA", "photo": "picture.png"}}, {"model": "product.product", "pk": 27, "fields": {"sku": "D268G5", "product_name": "Туфли", "unit_of_measurement": "шт.", "price": "4399.00", "supplier": 6, "manufacturer": 5, "product_category": "Женская обувь", "discount": "3.00", "stock": 12, "description": "Туфли Rieker женские демисезонные, размер 36, цвет коричневый", "photo": "picture.png"}}, {"model": "product.product", "pk": 28, "fields": {"sku": "T324F5", "product_name": "Сапоги", "unit_of_measurement": "шт.", "price": "4699.00", "supplier": 3, "manufacturer": 2, "product_category": "Женская обувь", "discount": "2.00", "stock": 5, "description": "Сапоги замша Цвет: синий", "photo": "picture.png"}}, {"model": "product.product", "pk": 29, "fields": {"sku": "K358H6", "product_name": "Тапочки", "unit_of_measurement": "шт.", "price": "599.00", "supplier": 3, "manufacturer": 5, "product_category": "Мужская обувь", "discount": "20.00", "stock": 2, "description": "Тапочки мужские син р.41", "photo": "picture.png"}}, {"model": "product.product", "pk": 30, "fields": {"sku": "H535R5", "product_name": "Ботинки", "unit_of_measurement": "шт.", "price": "2300.00", "supplier": 6, "manufacturer": 5, "product_category": "Женская обувь", "discount": "2.00", "stock": 7, "description": "Женские Ботинки демисезонные", "photo": "picture.png"}}, {"model": "product.product", "pk": 31, "fields": {"sku": "asdfasdf", "product_name": "Ботинки", "unit_of_measurement": "шт.", "price": "0.01", "supplier": 1, "manufacturer": 1, "product_category": "Женская обувь", "discount": "0.00", "stock": 5, "description": "asdfsadf", "photo": "picture.png"}}, {"model": "product.product", "pk": 32, "fields": {"sku": "asdfsaf", "product_name": "Ботинки", "unit_of_measurement": "шт.", "price": "0.01", "supplier": 1, "manufacturer": 1, "product_category": "Женская обувь", "discount": "0.00", "stock": 0, "description": "sdfsadf", "photo": "picture.png"}}, {"model": "product.product", "pk": 33, "fields": {"sku": "sadf", "product_name": "Ботинки", "unit_of_measurement": "шт.", "price": "150.00", "supplier": 1, "manufacturer": 1, "product_category": "Женская обувь", "discount": "0.01", "stock": 1, "description": "sadf", "photo": "picture.png"}}, {"model": "product.product", "pk": 34, "fields": {"sku": "asdfasfd", "product_name": "Ботинки", "unit_of_measurement": "шт.", "price": "0.01", "supplier": 1, "manufacturer": 1, "product_category": "Женская обувь", "discount": "0.00", "stock": 1, "description": "sadfsadf", "photo": "reserve.png"}}, {"model": "product.product", "pk": 36, "fields": {"sku": "asfasd", "product_name": "Ботинки", "unit_of_measurement": "шт.", "price": "0.01", "supplier": 1, "manufacturer": 1, "product_category": "Женская обувь", "discount": "0.01", "stock": 1, "description": "sadfasdf", "photo": "2025-10-06_21-00.png"}}, {"model": "order_product.orderproduct", "pk": 1, "fields": {"product": 1, "order": 1, "amount": "2.00"}}, {"model": "order_product.orderproduct", "pk": 2, "fields": {"product": 3, "order": 2, "amount": "1.00"}}, {"model": "order_product.orderproduct", "pk": 3, "fields": {"product": 5, "order": 3, "amount": "10.00"}}, {"model": "order_product.orderproduct", "pk": 4, "fields": {"product": 7, "order": 4, "amount": "5.00"}}, {"model": "order_product.orderproduct", "pk": 5, "fields": {"product": 1, "order": 5, "amount": "2.00"}}, {"model": "order_product.orderproduct", "pk": 6, "fields": {"product": 3, "order": 6, "amount": "1.00"}}, {"model": "order_product.orderproduct", "pk": 7, "fields": {"product": 5, "order": 7, "amount": "10.00"}}, {"model": "order_product.orderproduct", "pk": 8, "fields": {"product": 7, "order": 8, "amount": "5.00"}}, {"model": "order_product.orderproduct", "pk": 9, "fields": {"product": 9, "order": 9, "amount": "5.00"}}, {"model": "order_product.orderproduct", "pk": 10, "fields": {"product": 11, "order": 10, "amount": "5.00"}}, {"model": "order_product.orderproduct", "pk": 11, "fields": {"product": 2, "order": 1, "amount": "2.00"}}, {"model": "order_product.orderproduct", "pk": 12, "fields": {"product": 4, "order": 2, "amount": "1.00"}}, {"model": "order_product.orderproduct", "pk": 13, "fields": {"product": 6, "order": 3, "amount": "10.00"}}, {"model": "order_product.orderproduct", "pk": 14, "fields": {"product": 8, "order": 4, "amount": "4.00"}}, {"model": "order_product.orderproduct", "pk": 15, "fields": {"product": 2, "order": 5, "amount": "2.00"}}, {"model": "order_product.orderproduct", "pk": 16, "fields": {"product": 4, "order": 6, "amount": "1.00"}}, {"model": "order_product.orderproduct", "pk": 17, "fields": {"product": 6, "order": 7, "amount": "10.00"}}, {"model": "order_product.orderproduct", "pk": 18, "fields": {"product": 8, "order": 8, "amount": "4.00"}}, {"model": "order_product.orderproduct", "pk": 19, "fields": {"product": 10, "order": 9, "amount": "1.00"}}, {"model": "order_product.orderproduct", "pk": 20, "fields": {"product": 12, "order": 10, "amount": "5.00"}}]
